title,company,location,link
Software Engineer (WEB),Microsoft,"Hyderabad, Telangana, India",https://www.linkedin.com/company/microsoft?trk=public_jobs_jserp-result_job-search-card-subtitle
Software Developer,Meril,"Vapi, Gujarat, India",https://in.linkedin.com/company/meril?trk=public_jobs_jserp-result_job-search-card-subtitle
Software Engineer,PhonePe,"Bengaluru, Karnataka, India",https://in.linkedin.com/company/phonepe-internet?trk=public_jobs_jserp-result_job-search-card-subtitle
SDE 1,NxtWave,"Hyderabad, Telangana, India",https://in.linkedin.com/school/nxtwavetech/?trk=public_jobs_jserp-result_job-search-card-subtitle
Back End Developer,Kotak Mahindra Bank,"Mumbai, Maharashtra, India",https://in.linkedin.com/company/kotak-mahindra-bank?trk=public_jobs_jserp-result_job-search-card-subtitle
Python Developer,Infosys,"Pune, Maharashtra, India",https://in.linkedin.com/company/infosys?trk=public_jobs_jserp-result_job-search-card-subtitle
Fullstack - Software Engineer (Backend/ Core Java focus): Entry Level Talent,Cisco,"Bengaluru, Karnataka, India",https://www.linkedin.com/company/cisco?trk=public_jobs_jserp-result_job-search-card-subtitle
Software development engineer 1,Amazon,"Bengaluru, Karnataka, India",https://www.linkedin.com/company/amazon?trk=public_jobs_jserp-result_job-search-card-subtitle
"Software Engineer, University Graduate, 2026",Google,"Mumbai, Maharashtra, India",https://www.linkedin.com/company/google?trk=public_jobs_jserp-result_job-search-card-subtitle
Software Engineer - Applications,LinkedIn,"Bengaluru, Karnataka, India",https://www.linkedin.com/company/linkedin?trk=public_jobs_jserp-result_job-search-card-subtitle
Frontend Developer,ShyftLabs,"Hyderabad, Telangana, India",https://ca.linkedin.com/company/shyftlabsio?trk=public_jobs_jserp-result_job-search-card-subtitle
Java developer_Associate_Software Engineering,Morgan Stanley,"Bengaluru, Karnataka, India",https://www.linkedin.com/company/morgan-stanley?trk=public_jobs_jserp-result_job-search-card-subtitle
Software Developer,IBM,"Bengaluru, Karnataka, India",https://www.linkedin.com/company/ibm?trk=public_jobs_jserp-result_job-search-card-subtitle
Software Engineer,Capgemini,"Bengaluru, Karnataka, India",https://fr.linkedin.com/company/capgemini?trk=public_jobs_jserp-result_job-search-card-subtitle
Software Engineer I,Tower Research Capital,"Gurgaon, Haryana, India",https://www.linkedin.com/company/tower-research-capital?trk=public_jobs_jserp-result_job-search-card-subtitle
"Software Engineering, New Grad",Stripe,"Bengaluru, Karnataka, India",https://www.linkedin.com/company/stripe?trk=public_jobs_jserp-result_job-search-card-subtitle
Frontend Developer,Deloitte,"Bengaluru, Karnataka, India",https://www.linkedin.com/company/deloitte?trk=public_jobs_jserp-result_job-search-card-subtitle
backend developer,CRED,"Bangalore Urban, Karnataka, India",https://in.linkedin.com/company/credapp?trk=public_jobs_jserp-result_job-search-card-subtitle
Python Developer,MakeMyTrip,"Bengaluru, Karnataka, India",https://in.linkedin.com/company/makemytrip.com?trk=public_jobs_jserp-result_job-search-card-subtitle
SDE 2 - Backend,Jar,"Bengaluru, Karnataka, India",https://in.linkedin.com/company/jarapp?trk=public_jobs_jserp-result_job-search-card-subtitle
Software Engineer,Walmart Global Tech India,"Bengaluru, Karnataka, India",https://in.linkedin.com/company/walmartglobaltechindia?trk=public_jobs_jserp-result_job-search-card-subtitle
Software Engineer,Flipkart,"Bengaluru, Karnataka, India",https://in.linkedin.com/company/flipkart?trk=public_jobs_jserp-result_job-search-card-subtitle
Node.JS Developer,Tata Communications,"Bengaluru, Karnataka, India",https://in.linkedin.com/company/tata-communication?trk=public_jobs_jserp-result_job-search-card-subtitle
Web Developer (SDE 2),Groww,"Bengaluru, Karnataka, India",https://in.linkedin.com/company/groww.in?trk=public_jobs_jserp-result_job-search-card-subtitle
Frontend Developer,Flam,"Bengaluru, Karnataka, India",https://www.linkedin.com/company/flamappofficial?trk=public_jobs_jserp-result_job-search-card-subtitle
SDE 1 - Backend,myHQ by ANAROCK,"Bengaluru, Karnataka, India",https://in.linkedin.com/company/myhqspace?trk=public_jobs_jserp-result_job-search-card-subtitle
Python Developer,Persistent Systems,"Bengaluru, Karnataka, India",https://in.linkedin.com/company/persistent-systems?trk=public_jobs_jserp-result_job-search-card-subtitle
Front End Developer,Virtusa,"Bangalore Urban, Karnataka, India",https://www.linkedin.com/company/virtusa?trk=public_jobs_jserp-result_job-search-card-subtitle
"Internship, Software Engineering",LegalZoom,"Bengaluru, Karnataka, India",https://www.linkedin.com/company/legalzoom?trk=public_jobs_jserp-result_job-search-card-subtitle
Trainee Engineer,MillerKnoll,"Bengaluru, Karnataka, India",https://www.linkedin.com/company/millerknoll?trk=public_jobs_jserp-result_job-search-card-subtitle
Software Development Engineer 1 (Frontend),Titan,"Bengaluru, Karnataka, India",https://in.linkedin.com/company/titan-email?trk=public_jobs_jserp-result_job-search-card-subtitle
Associate Software Dev Engineer,Swiggy,"Bengaluru, Karnataka, India",https://in.linkedin.com/company/swiggy-in?trk=public_jobs_jserp-result_job-search-card-subtitle
Frontend Developer,LTIMindtree,"Bengaluru, Karnataka, India",https://in.linkedin.com/company/ltimindtree?trk=public_jobs_jserp-result_job-search-card-subtitle
SDE-2,ShareChat,"Bengaluru, Karnataka, India",https://in.linkedin.com/company/sharechat?trk=public_jobs_jserp-result_job-search-card-subtitle
Web Engineer,Unacademy,"Bengaluru, Karnataka, India",https://in.linkedin.com/company/unacademy?trk=public_jobs_jserp-result_job-search-card-subtitle
Software Engineer 2,Intuit,"Bengaluru, Karnataka, India",https://www.linkedin.com/company/intuit?trk=public_jobs_jserp-result_job-search-card-subtitle
SDE - 1 - Backend,SixSense,"Bengaluru, Karnataka, India",https://sg.linkedin.com/company/sixsense-pte-ltd?trk=public_jobs_jserp-result_job-search-card-subtitle
SDE I - Backend,DataFlow Group,"Bengaluru, Karnataka, India",https://ae.linkedin.com/company/dataflow-group?trk=public_jobs_jserp-result_job-search-card-subtitle
Software Engineer - Web,Pocket FM,"Bangalore Urban, Karnataka, India",https://in.linkedin.com/company/pocket-fm?trk=public_jobs_jserp-result_job-search-card-subtitle
Frontend Developer,Oracle,"Bengaluru, Karnataka, India",https://www.linkedin.com/company/oracle?trk=public_jobs_jserp-result_job-search-card-subtitle
Software Engineer - Python,PayPal,"Bengaluru, Karnataka, India",https://www.linkedin.com/company/paypal?trk=public_jobs_jserp-result_job-search-card-subtitle
Software Developer 2,Dewey's Pizza,"Cincinnati, OH",https://www.linkedin.com/company/dewey's-pizza?trk=public_jobs_jserp-result_job-search-card-subtitle
Junior Software Engineer,Medpace,"Cincinnati, OH",https://www.linkedin.com/company/medpace?trk=public_jobs_jserp-result_job-search-card-subtitle
Full-stack Engineer,Printful,"Cincinnati, OH",https://www.linkedin.com/company/printful?trk=public_jobs_jserp-result_job-search-card-subtitle
Full-Stack Developer,"MediTechSafe, Inc.","Hamilton, OH",https://www.linkedin.com/company/meditechsafe?trk=public_jobs_jserp-result_job-search-card-subtitle
Associate Java Software Developer,Callibrity,"Cincinnati, OH",https://www.linkedin.com/company/callibrity?trk=public_jobs_jserp-result_job-search-card-subtitle
Software Engineer,Combined Public Communications,"Cold Spring, KY",https://www.linkedin.com/company/combined-public-communications?trk=public_jobs_jserp-result_job-search-card-subtitle
Software Engineer,Epic,"Cincinnati, OH",https://www.linkedin.com/company/epic1979?trk=public_jobs_jserp-result_job-search-card-subtitle
Software Engineer,dunnhumby,"Cincinnati, OH",https://uk.linkedin.com/company/dunnhumby?trk=public_jobs_jserp-result_job-search-card-subtitle
Full Stack Web Developer - JavaScript,U.S. Bank,"Cincinnati, OH",https://www.linkedin.com/company/us-bank?trk=public_jobs_jserp-result_job-search-card-subtitle
C++ Software Engineer,"3dB Labs, Inc.","West Chester, OH",https://www.linkedin.com/company/3db-labs-inc-?trk=public_jobs_jserp-result_job-search-card-subtitle
AI Developer,Western & Southern Financial Group,Cincinnati Metropolitan Area,https://www.linkedin.com/company/western-&-southern-financial-group?trk=public_jobs_jserp-result_job-search-card-subtitle
Founding Engineer,Spot Health,"Cincinnati, OH",https://www.linkedin.com/company/spotdx?trk=public_jobs_jserp-result_job-search-card-subtitle
Software Engineer - App Stores,Canonical,"Cincinnati, OH",https://uk.linkedin.com/company/canonical?trk=public_jobs_jserp-result_job-search-card-subtitle
AI Software Engineer,"V-Soft Consulting Group, Inc.","Cincinnati, OH",https://www.linkedin.com/company/vsoftconsulting?trk=public_jobs_jserp-result_job-search-card-subtitle
IT Engineering Internships,Procter & Gamble,"Cincinnati, OH",https://www.linkedin.com/company/procter-and-gamble?trk=public_jobs_jserp-result_job-search-card-subtitle
"J&J Surgery Cincinnati: Software Co-Op, Spring 2026",Johnson & Johnson MedTech,"Cincinnati, OH",https://www.linkedin.com/company/johnson-&-johnson-medtech?trk=public_jobs_jserp-result_job-search-card-subtitle
API Developer,Coforge,"Cincinnati, OH",https://in.linkedin.com/company/coforge-tech?trk=public_jobs_jserp-result_job-search-card-subtitle
"Software Engineer - Java, React(onsite)",CBTS,"Cincinnati, OH",https://www.linkedin.com/company/cbts-technology-covered?trk=public_jobs_jserp-result_job-search-card-subtitle
Software Developer Co-op/Intern (Summer 2026),London Computer Systems,"Cincinnati, OH",https://www.linkedin.com/company/london-computer-systems?trk=public_jobs_jserp-result_job-search-card-subtitle
Full Stack Engineer,Golden Technology,"Cincinnati, OH",https://www.linkedin.com/company/golden-technology-inc?trk=public_jobs_jserp-result_job-search-card-subtitle
Back End Developer,Marlabs LLC,"Cincinnati, OH",https://www.linkedin.com/company/marlabs?trk=public_jobs_jserp-result_job-search-card-subtitle
"Software Development Engineer in Test -Norwood, MA, 02062",Campus4Tech,"Norwood, OH",https://www.linkedin.com/company/campus4tech?trk=public_jobs_jserp-result_job-search-card-subtitle
Software Development Engineer in Test,Agility Partners,Cincinnati Metropolitan Area,https://www.linkedin.com/company/agilitypartners?trk=public_jobs_jserp-result_job-search-card-subtitle
Java Software Engineer,Flexton Inc.,"Cincinnati, OH",https://www.linkedin.com/company/flexton-inc?trk=public_jobs_jserp-result_job-search-card-subtitle
Full Stack Java Developer,Ascendum Solutions,"Cincinnati, OH",https://www.linkedin.com/company/ascendum-solutions?trk=public_jobs_jserp-result_job-search-card-subtitle
Data Engineer,The Value Maximizer,"Ohio, OH",https://vn.linkedin.com/company/the-value-maximizer?trk=public_jobs_jserp-result_job-search-card-subtitle
Software Developer,Total Quality Logistics,"Cincinnati, OH",https://www.linkedin.com/company/total-quality-logistics?trk=public_jobs_jserp-result_job-search-card-subtitle
Senior Fullstack Developer (.Net / React),Nexaminds,"Cincinnati, OH",https://www.linkedin.com/company/nexaminds-inc?trk=public_jobs_jserp-result_job-search-card-subtitle
Lead Full Stack Developer,enosix,"Cincinnati, OH",https://www.linkedin.com/company/enosix?trk=public_jobs_jserp-result_job-search-card-subtitle
Software Engineer III,Trew,"West Chester, OH",https://www.linkedin.com/company/trewautomation?trk=public_jobs_jserp-result_job-search-card-subtitle
Developer,Tata Consultancy Services,"Milford, OH",https://in.linkedin.com/company/tata-consultancy-services?trk=public_jobs_jserp-result_job-search-card-subtitle
Software Engineer II,Fischer Homes,"Erlanger, KY",https://www.linkedin.com/company/the-fischer-group?trk=public_jobs_jserp-result_job-search-card-subtitle
Software Engineering Specialist - Human Data,xAI,Cincinnati Metropolitan Area,https://www.linkedin.com/company/xai?trk=public_jobs_jserp-result_job-search-card-subtitle
Applied AI Engineer Intern - Summer 2026 (May/June Start),Lensa,"Cincinnati, OH",https://www.linkedin.com/company/lensa?trk=public_jobs_jserp-result_job-search-card-subtitle
Associate Data Analytics Engineer,Silco Fire & Security,"Cincinnati, OH",https://www.linkedin.com/company/silco-fire-&-security?trk=public_jobs_jserp-result_job-search-card-subtitle
Python Developer,Wipro,"Pune, Maharashtra, India",https://in.linkedin.com/company/wipro?trk=public_jobs_jserp-result_job-search-card-subtitle
Python Developer,Jio,"Bengaluru, Karnataka, India",https://in.linkedin.com/company/jio?trk=public_jobs_jserp-result_job-search-card-subtitle
Associate - Python Data Engineer - GDC,PwC India,"Kolkata, West Bengal, India",https://in.linkedin.com/company/pwc-india?trk=public_jobs_jserp-result_job-search-card-subtitle
Junior Python Developer,DLT Apps,"Bengaluru, Karnataka, India",https://uk.linkedin.com/company/dlt-apps?trk=public_jobs_jserp-result_job-search-card-subtitle
Python Developer,RESULTICKS,"Chennai, Tamil Nadu, India",https://www.linkedin.com/company/resulticks?trk=public_jobs_jserp-result_job-search-card-subtitle
Walkin drive- Python developer- 17th Sep @Bangalore,Infosys BPM,"Bengaluru, Karnataka, India",https://in.linkedin.com/company/infosys-bpm?trk=public_jobs_jserp-result_job-search-card-subtitle
Python Developer,IQVIA,"Bengaluru, Karnataka, India",https://www.linkedin.com/company/iqvia?trk=public_jobs_jserp-result_job-search-card-subtitle
Python Engineer,TerraPay,"Bengaluru, Karnataka, India",https://uk.linkedin.com/company/terrapay?trk=public_jobs_jserp-result_job-search-card-subtitle
Software Developer (Full Stack/Python),Halliburton,"Bengaluru, Karnataka, India",https://www.linkedin.com/company/halliburton?trk=public_jobs_jserp-result_job-search-card-subtitle
Python Developer,HCLTech,"Bengaluru, Karnataka, India",https://in.linkedin.com/company/hcltech?trk=public_jobs_jserp-result_job-search-card-subtitle
Associate Engineer - Python,HARMAN India,"Bengaluru, Karnataka, India",https://in.linkedin.com/company/harmanindia?trk=public_jobs_jserp-result_job-search-card-subtitle
Python Developer,doodleblue Innovations,"Chennai, Tamil Nadu, India",https://in.linkedin.com/company/doodleblue?trk=public_jobs_jserp-result_job-search-card-subtitle
Junior Backend Engineer (Python),Outdoo AI,"Bengaluru, Karnataka, India",https://www.linkedin.com/company/outdooai?trk=public_jobs_jserp-result_job-search-card-subtitle
Python Developer,Kotak Securities,"Mumbai, Maharashtra, India",https://in.linkedin.com/company/kotaksecurities?trk=public_jobs_jserp-result_job-search-card-subtitle
Python Developer (Standard),Infogain,"Bengaluru, Karnataka, India",https://www.linkedin.com/company/infogain?trk=public_jobs_jserp-result_job-search-card-subtitle
Python Developer,Ideas2IT Technologies,"Chennai, Tamil Nadu, India",https://www.linkedin.com/company/ideas2it?trk=public_jobs_jserp-result_job-search-card-subtitle
Python Developer,HashedIn by Deloitte,"Bengaluru, Karnataka, India",https://in.linkedin.com/company/hashedin?trk=public_jobs_jserp-result_job-search-card-subtitle
Backend Python Developer | SDE - 1/2,Fynd,Mumbai Metropolitan Region,https://in.linkedin.com/company/fynd-shopsense?trk=public_jobs_jserp-result_job-search-card-subtitle
Backend Developer (Python),Tarento Group,"Bengaluru, Karnataka, India",https://se.linkedin.com/company/tarento-group?trk=public_jobs_jserp-result_job-search-card-subtitle
Python Developer,iNetFrame Technologies,"Bengaluru East, Karnataka, India",https://in.linkedin.com/company/inetframetechnologies?trk=public_jobs_jserp-result_job-search-card-subtitle
Backend Developer Python,Zzazz,"Bengaluru, Karnataka, India",https://www.linkedin.com/company/zzazz?trk=public_jobs_jserp-result_job-search-card-subtitle
Python Developer,Hotelogix,"Bengaluru, Karnataka, India",https://sg.linkedin.com/company/hotelogix?trk=public_jobs_jserp-result_job-search-card-subtitle
Python Developer (Fast API),Tech Mahindra,"Bengaluru, Karnataka, India",https://in.linkedin.com/company/tech-mahindra?trk=public_jobs_jserp-result_job-search-card-subtitle
Python Developer,Techasoft Pvt Ltd,"Bengaluru, Karnataka, India",https://in.linkedin.com/company/techasoft-pvt-ltd?trk=public_jobs_jserp-result_job-search-card-subtitle
Python Developer,Capco,"Bengaluru, Karnataka, India",https://uk.linkedin.com/company/capco?trk=public_jobs_jserp-result_job-search-card-subtitle
Python Web Developer,HashXpert,"Bengaluru, Karnataka, India",https://ae.linkedin.com/company/hashxpert-technologies-llc?trk=public_jobs_jserp-result_job-search-card-subtitle
Python Developer,CloudxLab,"Bengaluru, Karnataka, India",https://www.linkedin.com/company/cloudxlab?trk=public_jobs_jserp-result_job-search-card-subtitle
Python Developer,Deqode,"Bengaluru, Karnataka, India",https://www.linkedin.com/company/deqodesolutions?trk=public_jobs_jserp-result_job-search-card-subtitle
Backend Engineer (Python),10x,"Bengaluru, Karnataka, India",https://www.linkedin.com/company/super-humanoids?trk=public_jobs_jserp-result_job-search-card-subtitle
Python developer,AppSierra,"Bangalore Urban, Karnataka, India",https://www.linkedin.com/company/appsierra?trk=public_jobs_jserp-result_job-search-card-subtitle
Software Engineer - (Python),Global Software Solutions Group,"Bengaluru, Karnataka, India",https://ae.linkedin.com/company/gssgroups?trk=public_jobs_jserp-result_job-search-card-subtitle
Easebuzz - Full Stack Developer - Python/React.js,Easebuzz,"Bengaluru East, Karnataka, India",https://in.linkedin.com/company/easebuzz?trk=public_jobs_jserp-result_job-search-card-subtitle
Python Engineer,NTT DATA North America,"Bengaluru East, Karnataka, India",https://www.linkedin.com/company/ntt-data-americas?trk=public_jobs_jserp-result_job-search-card-subtitle
Python Developer,DriveX,"Bengaluru, Karnataka, India",https://in.linkedin.com/company/the-drivex?trk=public_jobs_jserp-result_job-search-card-subtitle
Software Engineer III - Python,JPMorganChase,"Bengaluru, Karnataka, India",https://www.linkedin.com/company/jpmorganchase?trk=public_jobs_jserp-result_job-search-card-subtitle
Python Developer,SmartQ,"Bengaluru, Karnataka, India",https://in.linkedin.com/company/smartq-bottlelabs?trk=public_jobs_jserp-result_job-search-card-subtitle
Elchemy - Software Developer - Python Programming,Elchemy,"Mumbai, Maharashtra, India",https://in.linkedin.com/company/elchemyinternational?trk=public_jobs_jserp-result_job-search-card-subtitle
Python Developer,AdEngage,"Navi Mumbai, Maharashtra, India",https://in.linkedin.com/company/adengage?trk=public_jobs_jserp-result_job-search-card-subtitle
Python Backend Engineer,Enago (Crimson Interactive),"Mumbai, Maharashtra, India",https://www.linkedin.com/company/enago?trk=public_jobs_jserp-result_job-search-card-subtitle
Python Developer,Cactus Communications,"Mumbai, Maharashtra, India",https://in.linkedin.com/company/cactus-communications?trk=public_jobs_jserp-result_job-search-card-subtitle
Python Developer,HaystackAnalytics,"Navi Mumbai, Maharashtra, India",https://in.linkedin.com/company/haystackanalytics?trk=public_jobs_jserp-result_job-search-card-subtitle
Python Developer,Drawsera,"Mumbai, Maharashtra, India",https://www.linkedin.com/company/drawsera?trk=public_jobs_jserp-result_job-search-card-subtitle
Cloud Developer - Python,Atos,"Thane, Maharashtra, India",https://fr.linkedin.com/company/atos?trk=public_jobs_jserp-result_job-search-card-subtitle
Python Developer,Weekday AI (YC W21),Mumbai Metropolitan Region,https://www.linkedin.com/company/weekdayjobs?trk=public_jobs_jserp-result_job-search-card-subtitle
Python Developer - Immediate Joiner,WEQ Technologies,"Mumbai, Maharashtra, India",https://in.linkedin.com/company/weq-technologies?trk=public_jobs_jserp-result_job-search-card-subtitle
Python Developer,ALIQAN Technologies,Mumbai Metropolitan Region,https://in.linkedin.com/company/aliqan-technologies?trk=public_jobs_jserp-result_job-search-card-subtitle
Python Backend Developer,LearnTube.ai,Mumbai Metropolitan Region,https://in.linkedin.com/company/careerninja?trk=public_jobs_jserp-result_job-search-card-subtitle
Python Developer - Django/Flask,Cloudesign,Mumbai Metropolitan Region,https://in.linkedin.com/company/cloudesign?trk=public_jobs_jserp-result_job-search-card-subtitle
Python Developer,NeoDocs (YC S21),"Mumbai, Maharashtra, India",https://in.linkedin.com/company/neodocs?trk=public_jobs_jserp-result_job-search-card-subtitle
Software Engineer - Python+ Machine Learning Engineer,GeBBS Healthcare Solutions,"Thane, Maharashtra, India",https://www.linkedin.com/company/gebbs-healthcare-solutions?trk=public_jobs_jserp-result_job-search-card-subtitle
Python Developer,Response Informatics,"Mumbai, Maharashtra, India",https://in.linkedin.com/company/response-informatics-ltd?trk=public_jobs_jserp-result_job-search-card-subtitle
Python Developer,TIH | IIT Bombay,"Mumbai, Maharashtra, India",https://in.linkedin.com/company/technology-innovation-hub?trk=public_jobs_jserp-result_job-search-card-subtitle
Python - Software Programmer,Apex Group Ltd (India Branch),"Mumbai, Maharashtra, India",https://in.linkedin.com/company/apex-group-ltd-india-branch?trk=public_jobs_jserp-result_job-search-card-subtitle
Python Developer - Django/Flask,Prometteur Solutions Pvt. Ltd.,"Navi Mumbai, Maharashtra, India",https://www.linkedin.com/company/prometteur-solutions-pvt-ltd?trk=public_jobs_jserp-result_job-search-card-subtitle
Looking for a Python API developer,e-Stone Information Technology Private Limited,"Mumbai, Maharashtra, India",https://in.linkedin.com/company/e-stone-information-technology-pvt--ltd-?trk=public_jobs_jserp-result_job-search-card-subtitle
Python Developer - FastAPI,Sampoorna Consultants,Mumbai Metropolitan Region,https://www.linkedin.com/company/sampoorna-consultants?trk=public_jobs_jserp-result_job-search-card-subtitle
Python Developer,QualityKiosk Technologies Pvt. Ltd.,"Mumbai, Maharashtra, India",https://in.linkedin.com/company/qualitykiosk-technologies?trk=public_jobs_jserp-result_job-search-card-subtitle
Python Developer,Eiosys Private Limited,"Thane, Maharashtra, India",https://in.linkedin.com/company/eiosys-inc-?trk=public_jobs_jserp-result_job-search-card-subtitle
Data Engineer - Python,Work Store Limited,"Worli, Maharashtra, India",https://in.linkedin.com/company/workstore-ltd?trk=public_jobs_jserp-result_job-search-card-subtitle
Python developer,Dolat Capital,Mumbai Metropolitan Region,https://in.linkedin.com/company/dolat-capital-market-private-ltd.?trk=public_jobs_jserp-result_job-search-card-subtitle
Python Developer,Synechron Technologies Pvt. Ltd.,"Mumbai, Maharashtra, India",https://www.linkedin.com/company/synechron-technologies-pvt.-ltd.?trk=public_jobs_jserp-result_job-search-card-subtitle
Web Developer Intern,SySpree Digital,"Mumbai, Maharashtra, India",https://in.linkedin.com/company/syspreedigital?trk=public_jobs_jserp-result_job-search-card-subtitle
Python Developer,Viraaj HR Solutions Private Limited,Mumbai Metropolitan Region,https://in.linkedin.com/company/viraajhrsolutions?trk=public_jobs_jserp-result_job-search-card-subtitle
Web Developer Intern,AutomateBuddy Technologies Private Limited,"Navi Mumbai, Maharashtra, India",https://in.linkedin.com/company/automatebuddy?trk=public_jobs_jserp-result_job-search-card-subtitle
Python Developer,"Wama Technology Pvt Ltd - Providing Staff Augmentation, Software Solutions Globally",Mumbai Metropolitan Region,https://in.linkedin.com/company/wamatechnology?trk=public_jobs_jserp-result_job-search-card-subtitle
Web Developer,TAC Security,"Mumbai, Maharashtra, India",https://www.linkedin.com/company/tacsecurity?trk=public_jobs_jserp-result_job-search-card-subtitle
Python Developer - Flask/Django Frameworks,bixware technologies pvt ltd,Mumbai Metropolitan Region,https://in.linkedin.com/company/bixware-technologies?trk=public_jobs_jserp-result_job-search-card-subtitle
Python Software Engineer - Django/Flask,Eltive ITMC,Mumbai Metropolitan Region,https://il.linkedin.com/company/american-express-global-business-travel---israel?trk=public_jobs_jserp-result_job-search-card-subtitle
Interesting Job Opportunity: Volody - Python Developer - Machine Learning/Artificial Intelligence,Volody,Mumbai Metropolitan Region,https://www.linkedin.com/company/volody?trk=public_jobs_jserp-result_job-search-card-subtitle
"Python Backend Developer, USWA WEA, Associate",BlackRock,"Mumbai, Maharashtra, India",https://www.linkedin.com/company/blackrock?trk=public_jobs_jserp-result_job-search-card-subtitle
RBHU Analytics - Junior Full Stack Developer - Javascript/AngularJS,ETG India,"Navi Mumbai, Maharashtra, India",https://in.linkedin.com/company/etg-india?trk=public_jobs_jserp-result_job-search-card-subtitle
Senior Python Developer,ZingHR,"Mumbai, Maharashtra, India",https://in.linkedin.com/company/zinghr?trk=public_jobs_jserp-result_job-search-card-subtitle
Junior Python Developer â Web Scraping,WeAssemble,Mumbai Metropolitan Region,https://se.linkedin.com/company/weassemble?trk=public_jobs_jserp-result_job-search-card-subtitle
Python Developer Intern Recruitment & Staffing,VRSamadhan,"Thane, Maharashtra, India",https://in.linkedin.com/company/vrsamadhan?trk=public_jobs_jserp-result_job-search-card-subtitle
Sr Python Software Engineer,SS&C Technologies,Mumbai Metropolitan Region,https://www.linkedin.com/company/ss-c-technologies?trk=public_jobs_jserp-result_job-search-card-subtitle
"API Developer: Python, AWS",DigitalXNode,"Navi Mumbai, Maharashtra, India",https://in.linkedin.com/company/digitalxnode?trk=public_jobs_jserp-result_job-search-card-subtitle
Python Developer,Tekvan,"Mumbai, Maharashtra, India",https://in.linkedin.com/company/tekvan?trk=public_jobs_jserp-result_job-search-card-subtitle
Interesting Job Opportunity: Sciative Solutions - Software Developer - Python/Django/Flask,Sciative - We Price Right,"Navi Mumbai, Maharashtra, India",https://in.linkedin.com/company/sciative-solutions-private-limited?trk=public_jobs_jserp-result_job-search-card-subtitle
Python Developer,Pixelo Digital,"Navi Mumbai, Maharashtra, India",https://in.linkedin.com/company/pixelodigital?trk=public_jobs_jserp-result_job-search-card-subtitle
Web Developer,Protos Software Technologies Pvt. Ltd.,"Mumbai, Maharashtra, India",https://in.linkedin.com/company/protos-software-technologies-pvt-ltd-?trk=public_jobs_jserp-result_job-search-card-subtitle
Sr Backend Software Engineer,Insight Global,"Cincinnati, OH",https://www.linkedin.com/company/insight-global?trk=public_jobs_jserp-result_job-search-card-subtitle
Sr. Full Stack Engineer - Team Lead,Pantomath,"Cincinnati, OH",https://www.linkedin.com/company/pantomathdata?trk=public_jobs_jserp-result_job-search-card-subtitle
Full Stack Ruby on Rails Developer,DMI,"Cincinnati, OH",https://www.linkedin.com/company/dmi-domore?trk=public_jobs_jserp-result_job-search-card-subtitle
Teamcenter Developer,Centraprise,"Milford, OH",https://www.linkedin.com/company/centraprise?trk=public_jobs_jserp-result_job-search-card-subtitle
Senior Full Stack Software Engineer (Java/Angular),Worldpay,"Cincinnati, OH",https://www.linkedin.com/company/worldpay?trk=public_jobs_jserp-result_job-search-card-subtitle
IT/OT/IS Department Manager,Salas O'Brien,"Cincinnati, OH",https://www.linkedin.com/company/salasobrien?trk=public_jobs_jserp-result_job-search-card-subtitle
Information Technology Specialist - Microsoft Power Platform,Toyota Boshoku America,"Erlanger, KY",https://www.linkedin.com/company/toyota-boshoku-america?trk=public_jobs_jserp-result_job-search-card-subtitle
Model Risk Manager,Huntington National Bank,"Cincinnati, OH",https://www.linkedin.com/company/huntington-national-bank?trk=public_jobs_jserp-result_job-search-card-subtitle
Americas Delivery Center ServiceNow Pod Lead - Technology,Protiviti,"Cincinnati, OH",https://www.linkedin.com/company/protiviti?trk=public_jobs_jserp-result_job-search-card-subtitle
Frontend Developer,SettleMint India,"Navi Mumbai, Maharashtra, India",https://in.linkedin.com/company/settlemint-india?trk=public_jobs_jserp-result_job-search-card-subtitle
Frontend Developer - React JS,Rebel Foods,Mumbai Metropolitan Region,https://in.linkedin.com/company/rebel-foods?trk=public_jobs_jserp-result_job-search-card-subtitle
Frontend (React),Kodo,Mumbai Metropolitan Region,https://in.linkedin.com/company/kodohq?trk=public_jobs_jserp-result_job-search-card-subtitle
Frontend Developer,TIFIN,"Mumbai, Maharashtra, India",https://www.linkedin.com/company/tifin?trk=public_jobs_jserp-result_job-search-card-subtitle
Frontend Developer,DG7,"Mumbai, Maharashtra, India",https://in.linkedin.com/company/dg7-solutions?trk=public_jobs_jserp-result_job-search-card-subtitle
React Frontend Developer,Retail Scan Management Services Pvt. Ltd.,"Mumbai, Maharashtra, India",https://in.linkedin.com/company/retail-scan-management-serviced-pvt--ltd-?trk=public_jobs_jserp-result_job-search-card-subtitle
Front-End Developer – SCG India,SCG,Mumbai Metropolitan Region,https://th.linkedin.com/company/scg_2?trk=public_jobs_jserp-result_job-search-card-subtitle
Frontend Developer - React.js,Focalworks,Mumbai Metropolitan Region,https://in.linkedin.com/company/focalworks?trk=public_jobs_jserp-result_job-search-card-subtitle
Front End Developer,STOXX,Mumbai Metropolitan Region,https://ch.linkedin.com/company/stoxx?trk=public_jobs_jserp-result_job-search-card-subtitle
Frontend Developer,Fluid AI,"Mumbai, Maharashtra, India",https://in.linkedin.com/company/fluid-ai?trk=public_jobs_jserp-result_job-search-card-subtitle
"Junior Front End Developer in Palghar, Thane, Mumbai",SaffireTech,Mumbai Metropolitan Region,https://in.linkedin.com/company/saffiretech?trk=public_jobs_jserp-result_job-search-card-subtitle
Frontend Developer,Novac Technology Solutions,"Navi Mumbai, Maharashtra, India",https://in.linkedin.com/company/novactech?trk=public_jobs_jserp-result_job-search-card-subtitle
Frontend Developer,FactWise,Mumbai Metropolitan Region,https://www.linkedin.com/company/factwise?trk=public_jobs_jserp-result_job-search-card-subtitle
Website Developer,Digimanic,"Mumbai, Maharashtra, India",https://in.linkedin.com/company/digimanic?trk=public_jobs_jserp-result_job-search-card-subtitle
Frontend Developer (React.js + React Native) - SDE 1,ShopSe Digital Finance,Mumbai Metropolitan Region,https://in.linkedin.com/company/shopse?trk=public_jobs_jserp-result_job-search-card-subtitle
React JS Developer,Wissen Technology,"Mumbai, Maharashtra, India",https://in.linkedin.com/company/wissen-technology?trk=public_jobs_jserp-result_job-search-card-subtitle
Frontend Developer,Punch,"Mumbai, Maharashtra, India",https://in.linkedin.com/company/market-pulse-securities-pvt-ltd?trk=public_jobs_jserp-result_job-search-card-subtitle
WEB DEVELOPER,Maxval Technologies Pvt Ltd,"Navi Mumbai, Maharashtra, India",https://in.linkedin.com/company/maxval-technologies-pvt-ltd?trk=public_jobs_jserp-result_job-search-card-subtitle
Frontend Software Engineer,Tesla,Mumbai Metropolitan Region,https://www.linkedin.com/company/tesla-motors?trk=public_jobs_jserp-result_job-search-card-subtitle
React.js Developer,EdgeVantage,Mumbai Metropolitan Region,https://www.linkedin.com/company/edgeventure?trk=public_jobs_jserp-result_job-search-card-subtitle
WEB DEVELOPER,Global Advertisers Pvt. Ltd.,"Mumbai, Maharashtra, India",https://in.linkedin.com/company/global-advertisers?trk=public_jobs_jserp-result_job-search-card-subtitle
Frontend Engineer,AMINA Bank,"Mumbai, Maharashtra, India",https://ch.linkedin.com/company/aminabank?trk=public_jobs_jserp-result_job-search-card-subtitle
Frontend Software Engineer - Javascript,WebEngage,Mumbai Metropolitan Region,https://in.linkedin.com/company/webengage?trk=public_jobs_jserp-result_job-search-card-subtitle
Javascript Developer - Remote Work,BairesDev,"Mumbai, Maharashtra, India",https://www.linkedin.com/company/bairesdev?trk=public_jobs_jserp-result_job-search-card-subtitle
React Developer,Firstsource,"Mumbai, Maharashtra, India",https://in.linkedin.com/company/firstsource-solutions-limited?trk=public_jobs_jserp-result_job-search-card-subtitle
Frontend Developer,Novel Financial Solutions.,Mumbai Metropolitan Region,https://in.linkedin.com/company/novel-financial-solutions-pvt-ltd?trk=public_jobs_jserp-result_job-search-card-subtitle
React Developer - 3rd Party Payroll,Crisil,"Mumbai, Maharashtra, India",https://in.linkedin.com/company/crisil?trk=public_jobs_jserp-result_job-search-card-subtitle
Web Developer,PostBox Communications,"Mumbai, Maharashtra, India",https://in.linkedin.com/company/postbox-communications?trk=public_jobs_jserp-result_job-search-card-subtitle
Frontend Engineer,Sherlock AI (Infinite Analytics),"Mumbai, Maharashtra, India",https://www.linkedin.com/company/infinite-analytics?trk=public_jobs_jserp-result_job-search-card-subtitle
Full Stack Next.js Developer at Toolyt,Toolyt,"Mumbai, Maharashtra, India",https://in.linkedin.com/company/toolyt?trk=public_jobs_jserp-result_job-search-card-subtitle
Javascript Developer,UCG eSolutions LLP,"Mumbai, Maharashtra, India",https://www.linkedin.com/company/ucg-esolutions-llp?trk=public_jobs_jserp-result_job-search-card-subtitle
Web Developer,Pi Techniques Pvt. Ltd.,"Mumbai, Maharashtra, India",https://in.linkedin.com/company/pi-techniques?trk=public_jobs_jserp-result_job-search-card-subtitle
Frontend Developer (React),Kayana | Ordering & Payment Solutions,"Mumbai, Maharashtra, India",https://uk.linkedin.com/company/kayanaforbusiness?trk=public_jobs_jserp-result_job-search-card-subtitle
Founding AI Frontend Developer,Naptha AI,"Mumbai, Maharashtra, India",https://www.linkedin.com/company/napthaai?trk=public_jobs_jserp-result_job-search-card-subtitle
UI-/ Frontend Developer,CGF CounselGroupFrankfurt AG,"Mumbai, Maharashtra, India",https://de.linkedin.com/company/cgfag?trk=public_jobs_jserp-result_job-search-card-subtitle
Frontend Developer,SourcingXPress,"Mumbai, Maharashtra, India",https://in.linkedin.com/company/sourcingxpress?trk=public_jobs_jserp-result_job-search-card-subtitle
Back-End Developer (Java),Clover Infotech,"Mumbai, Maharashtra, India",https://in.linkedin.com/company/clover-infotech?trk=public_jobs_jserp-result_job-search-card-subtitle
Senior Executive - Java Backend,KPMG India,"Mumbai, Maharashtra, India",https://in.linkedin.com/company/kpmgindia?trk=public_jobs_jserp-result_job-search-card-subtitle
Java Developer,Kiya.ai,"Mumbai, Maharashtra, India",https://in.linkedin.com/company/kiya-ai?trk=public_jobs_jserp-result_job-search-card-subtitle
Interesting Job Opportunity: Java Developer - Spring Boot,Hitya Global,Mumbai Metropolitan Region,https://in.linkedin.com/company/hitya-global?trk=public_jobs_jserp-result_job-search-card-subtitle
Software Engineer (Java),Propellum Infotech,"Mumbai, Maharashtra, India",https://www.linkedin.com/company/propellum-com?trk=public_jobs_jserp-result_job-search-card-subtitle
Java Developer,Whitefield Careers,Mumbai Metropolitan Region,https://in.linkedin.com/company/whitefield-careers?trk=public_jobs_jserp-result_job-search-card-subtitle
ARM Worldwide - Backend Developer - Java/Python/Node.js,#ARM Worldwide,Mumbai Metropolitan Region,https://in.linkedin.com/company/armworldwide?trk=public_jobs_jserp-result_job-search-card-subtitle
Senior Java Developer,Miko,Mumbai Metropolitan Region,https://in.linkedin.com/company/mikorobot?trk=public_jobs_jserp-result_job-search-card-subtitle
Java Developer - Spring MVC,NetConnect AS,Mumbai Metropolitan Region,https://no.linkedin.com/company/netconnect-as?trk=public_jobs_jserp-result_job-search-card-subtitle
JAVA DEVELOPER,Rendered Ideas,"Mumbai, Maharashtra, India",https://in.linkedin.com/company/rendered-ideas?trk=public_jobs_jserp-result_job-search-card-subtitle
Java Developer,AI REVO LABS,Mumbai Metropolitan Region,https://in.linkedin.com/company/ai-revo-labs?trk=public_jobs_jserp-result_job-search-card-subtitle
Java developer with springboot and microservices,Natobotics,"Mumbai, Maharashtra, India",https://uk.linkedin.com/company/natobotics?trk=public_jobs_jserp-result_job-search-card-subtitle
"Junior Java Developer in Pune, Hyderabad, Gurgaon, Chennai, Delhi, Bangalore, Mumbai",SSTPath,Mumbai Metropolitan Region,https://in.linkedin.com/company/sstpath?trk=public_jobs_jserp-result_job-search-card-subtitle
Java Developer,HRC Global Services,Mumbai Metropolitan Region,https://ca.linkedin.com/company/hrc-global-services?trk=public_jobs_jserp-result_job-search-card-subtitle
Java Developer,Talent Worx,"Thane, Maharashtra, India",https://in.linkedin.com/company/thetalentworx?trk=public_jobs_jserp-result_job-search-card-subtitle
Java Developer - Spring Frameworks,Imperative Business Ventures Limited,"Mumbai, Maharashtra, India",https://in.linkedin.com/company/imperative-business-ventures-limited?trk=public_jobs_jserp-result_job-search-card-subtitle
Java Developer,Fortune4 Technologies,"Navi Mumbai, Maharashtra, India",https://in.linkedin.com/company/fortune4-technologies?trk=public_jobs_jserp-result_job-search-card-subtitle
Java Development Internship in Mumbai,TAXOSMART,Mumbai Metropolitan Region,https://in.linkedin.com/company/tax-o-smart-llp?trk=public_jobs_jserp-result_job-search-card-subtitle
Software Engineer - Java,Interactive Brokers,Mumbai Metropolitan Region,https://www.linkedin.com/company/interactive-brokers?trk=public_jobs_jserp-result_job-search-card-subtitle
Java Software Engineer,VLink Inc,"Mumbai, Maharashtra, India",https://www.linkedin.com/company/vlink-inc?trk=public_jobs_jserp-result_job-search-card-subtitle
Fullstack Developer (0-3 years),Softlink Global,Mumbai Metropolitan Region,https://in.linkedin.com/company/softlinkglobalpvt?trk=public_jobs_jserp-result_job-search-card-subtitle
Senior Java Developer - Spring Boot,CURATAL,"Navi Mumbai, Maharashtra, India",https://in.linkedin.com/company/curatal?trk=public_jobs_jserp-result_job-search-card-subtitle
Mobileware Technologies - Java Developer - JPA/Hibernate,86400 (An Initiative By Mobileware Technologies),Mumbai Metropolitan Region,https://in.linkedin.com/company/86400-official?trk=public_jobs_jserp-result_job-search-card-subtitle
Java Full Stack Developer,LRN,Mumbai Metropolitan Region,https://www.linkedin.com/company/lrn?trk=public_jobs_jserp-result_job-search-card-subtitle
Senior Java Software Engineer,Encore Talent Solutions,"Cincinnati, OH",https://www.linkedin.com/company/helloencore?trk=public_jobs_jserp-result_job-search-card-subtitle
Director/Sr Director level ( Technical Java Side),"The Dignify Solutions, LLC","Cincinnati, OH",https://www.linkedin.com/company/dignify-solutions?trk=public_jobs_jserp-result_job-search-card-subtitle
Sr. Backend Developer_only on W2,Chelsoft Solutions Co.,"Blue Ash, OH",https://www.linkedin.com/company/chelsoft-solutions-co?trk=public_jobs_jserp-result_job-search-card-subtitle
Senior Cloud Native Engineer,Great American Insurance Group,"Cincinnati, OH",https://www.linkedin.com/company/great-american-insurance?trk=public_jobs_jserp-result_job-search-card-subtitle
Java Tutor,"Varsity Tutors, a Nerdy Company","Cincinnati, OH",https://www.linkedin.com/company/varsity-tutors?trk=public_jobs_jserp-result_job-search-card-subtitle
Data Scientist,Genpact,"Bengaluru, Karnataka, India",https://www.linkedin.com/company/genpact?trk=public_jobs_jserp-result_job-search-card-subtitle
Data Scientist- Across PAN India,Capgemini Engineering,"Bengaluru, Karnataka, India",https://fr.linkedin.com/company/capgemini-engineering?trk=public_jobs_jserp-result_job-search-card-subtitle
Data Scientist,Societe Generale Global Solution Centre,"Bengaluru, Karnataka, India",https://in.linkedin.com/company/societe_generale_global_solution_centre?trk=public_jobs_jserp-result_job-search-card-subtitle
AI / ML Engineer,HDFC Bank,"Bengaluru, Karnataka, India",https://in.linkedin.com/company/hdfc-bank?trk=public_jobs_jserp-result_job-search-card-subtitle
Data Scientist,Ericsson,"Bengaluru, Karnataka, India",https://se.linkedin.com/company/ericsson?trk=public_jobs_jserp-result_job-search-card-subtitle
"Data Scientist, Product Analytics",Meta,"Bengaluru, Karnataka, India",https://www.linkedin.com/company/meta?trk=public_jobs_jserp-result_job-search-card-subtitle
Data Scientist,AB InBev GCC India,"Bengaluru, Karnataka, India",https://in.linkedin.com/company/ab-inbev-india?trk=public_jobs_jserp-result_job-search-card-subtitle
Data Scientist,Networth Corp,"Bengaluru, Karnataka, India",https://in.linkedin.com/company/networthcorp?trk=public_jobs_jserp-result_job-search-card-subtitle
Data Scientist,Recro,"Bengaluru, Karnataka, India",https://in.linkedin.com/company/recro-io?trk=public_jobs_jserp-result_job-search-card-subtitle
AI/ML Engineer,Impetus,"Bengaluru, Karnataka, India",https://www.linkedin.com/company/impetus?trk=public_jobs_jserp-result_job-search-card-subtitle
Data Scientist,Zensar Technologies,"Bangalore Urban, Karnataka, India",https://in.linkedin.com/company/zensar?trk=public_jobs_jserp-result_job-search-card-subtitle
Data Scientist,Straive,"Bangalore Urban, Karnataka, India",https://sg.linkedin.com/company/straive_?trk=public_jobs_jserp-result_job-search-card-subtitle
Machine Learning Engineer,eBay,"Bengaluru, Karnataka, India",https://www.linkedin.com/company/ebay?trk=public_jobs_jserp-result_job-search-card-subtitle
Machine Learning Engineer,Chargebee,"Bengaluru, Karnataka, India",https://www.linkedin.com/company/chargebee?trk=public_jobs_jserp-result_job-search-card-subtitle
ML Engineer,Sony India Software Centre,"Bengaluru, Karnataka, India",https://in.linkedin.com/company/sonyindiasoftwarecentre?trk=public_jobs_jserp-result_job-search-card-subtitle
Data Scientist,Concentrix,"Bengaluru, Karnataka, India",https://www.linkedin.com/company/concentrix?trk=public_jobs_jserp-result_job-search-card-subtitle
Data Scientist,Ikigai,"Bengaluru, Karnataka, India",https://www.linkedin.com/company/ikigailabs?trk=public_jobs_jserp-result_job-search-card-subtitle
Data Scientist/Analyst,Adobe,"Bengaluru East, Karnataka, India",https://www.linkedin.com/company/adobe?trk=public_jobs_jserp-result_job-search-card-subtitle
Lead AI / ML Data Scientist,Nielsen,"Bengaluru East, Karnataka, India",https://www.linkedin.com/company/nielsen?trk=public_jobs_jserp-result_job-search-card-subtitle
Data Scientist,Yulu,"Bengaluru, Karnataka, India",https://in.linkedin.com/company/yulu?trk=public_jobs_jserp-result_job-search-card-subtitle
Data Scientist,PwC Acceleration Center India,"Bengaluru, Karnataka, India",https://in.linkedin.com/company/pwc-ac-india?trk=public_jobs_jserp-result_job-search-card-subtitle
Data Scientist,Syngene International Limited,"Bangalore Urban, Karnataka, India",https://in.linkedin.com/company/syngene-international-limited?trk=public_jobs_jserp-result_job-search-card-subtitle
Data Scientist,EdgeVerve,"Bengaluru, Karnataka, India",https://in.linkedin.com/company/edgeverve?trk=public_jobs_jserp-result_job-search-card-subtitle
AI/ML Engineer,Cognite,"Bengaluru, Karnataka, India",https://www.linkedin.com/company/cognitedata?trk=public_jobs_jserp-result_job-search-card-subtitle
Data Scientist,Rakuten Symphony,"Bengaluru, Karnataka, India",https://jp.linkedin.com/company/rakuten-symphony?trk=public_jobs_jserp-result_job-search-card-subtitle
Data Science Advisor,Dell Technologies,"Bengaluru, Karnataka, India",https://www.linkedin.com/company/delltechnologies?trk=public_jobs_jserp-result_job-search-card-subtitle
AI/ML Engineer,Abstrabit Technologies,"Bengaluru, Karnataka, India",https://in.linkedin.com/company/abstrabit?trk=public_jobs_jserp-result_job-search-card-subtitle
Data Scientist-2,Cashfree Payments,"Bengaluru, Karnataka, India",https://in.linkedin.com/company/cashfree?trk=public_jobs_jserp-result_job-search-card-subtitle
Data Scientist,Godrej Agrovet Limited,Mumbai Metropolitan Region,https://in.linkedin.com/company/godrej-agrovet-limited?trk=public_jobs_jserp-result_job-search-card-subtitle
Data Scientist,Piramal Finance,"Mumbai, Maharashtra, India",https://in.linkedin.com/company/piramalfinance?trk=public_jobs_jserp-result_job-search-card-subtitle
Data Scientist,Forbes Advisor,Mumbai Metropolitan Region,https://www.linkedin.com/company/forbes-advisor?trk=public_jobs_jserp-result_job-search-card-subtitle
Data Scientist,Sia,Mumbai Metropolitan Region,https://fr.linkedin.com/company/sia-partners?trk=public_jobs_jserp-result_job-search-card-subtitle
Decision Scientist,ABCD Aditya Birla Capital Digital,"Mumbai, Maharashtra, India",https://in.linkedin.com/company/abcd-adityabirlacapitalltd?trk=public_jobs_jserp-result_job-search-card-subtitle
Data Scientist,Dhurin,Mumbai Metropolitan Region,https://in.linkedin.com/company/aksjedh?trk=public_jobs_jserp-result_job-search-card-subtitle
Data Scientist,Tech Consulting,"Mumbai, Maharashtra, India",https://www.linkedin.com/company/techconsultingusa?trk=public_jobs_jserp-result_job-search-card-subtitle
Data Scientist,Proximity Works,Mumbai Metropolitan Region,https://www.linkedin.com/company/proxwrks?trk=public_jobs_jserp-result_job-search-card-subtitle
Data Science Intern,BNP Paribas,"Mumbai, Maharashtra, India",https://fr.linkedin.com/company/bnp-paribas?trk=public_jobs_jserp-result_job-search-card-subtitle
Senior Data Scientist,Kotak Mutual Fund,"Mumbai, Maharashtra, India",https://in.linkedin.com/company/kotak-mutual-fund?trk=public_jobs_jserp-result_job-search-card-subtitle
Data Scientist (Python) - Mumbai - Assistant Vice President,Citi,"Mumbai, Maharashtra, India",https://www.linkedin.com/company/citi?trk=public_jobs_jserp-result_job-search-card-subtitle
Senior Data Scientist,NielsenIQ,Mumbai Metropolitan Region,https://www.linkedin.com/company/nielseniq?trk=public_jobs_jserp-result_job-search-card-subtitle
Data Scientist,JM Financial Asset Management Ltd,"Mumbai, Maharashtra, India",https://in.linkedin.com/company/jm-financial-mutual-fund-ltd?trk=public_jobs_jserp-result_job-search-card-subtitle
Machine Learning Engineer,Prodigal,Mumbai Metropolitan Region,https://www.linkedin.com/company/prodigaltech?trk=public_jobs_jserp-result_job-search-card-subtitle
Data Scientist,Dimensionless Technologies,"Mumbai, Maharashtra, India",https://in.linkedin.com/company/dimensionless-tech?trk=public_jobs_jserp-result_job-search-card-subtitle
AI and ML Engineer,Pfizer,"Mumbai, Maharashtra, India",https://www.linkedin.com/company/pfizer?trk=public_jobs_jserp-result_job-search-card-subtitle
Lead Data Scientist,IDFC FIRST Bank,"Mumbai, Maharashtra, India",https://in.linkedin.com/company/idfcfirstbank?trk=public_jobs_jserp-result_job-search-card-subtitle
Artificial Intelligence Specialist,Waaree Group,"Mumbai, Maharashtra, India",https://in.linkedin.com/company/waaree-group?trk=public_jobs_jserp-result_job-search-card-subtitle
Artificial Intelligence Specialist,DailyBrief,"Mumbai, Maharashtra, India",https://in.linkedin.com/company/ideas-today?trk=public_jobs_jserp-result_job-search-card-subtitle
"Machine Learning Researcher | Mumbai, India",AAA Global,Mumbai Metropolitan Region,https://uk.linkedin.com/company/aaaglobal?trk=public_jobs_jserp-result_job-search-card-subtitle
ML / GEN AI Engineer - Intern,Oneture Technologies,Mumbai Metropolitan Region,https://in.linkedin.com/company/oneture?trk=public_jobs_jserp-result_job-search-card-subtitle
Machine Learning Engineer,Valiance Solutions,Greater Bengaluru Area,https://in.linkedin.com/company/valiance-solutions?trk=public_jobs_jserp-result_job-search-card-subtitle
"Data Scientist / Senior Data Scientist, India - BCG X",BCG X,Mumbai Metropolitan Region,https://www.linkedin.com/company/bcg-x?trk=public_jobs_jserp-result_job-search-card-subtitle
AI/ML Engineer,ADR Group International,"Mumbai, Maharashtra, India",https://www.linkedin.com/company/adr-grp?trk=public_jobs_jserp-result_job-search-card-subtitle
AI Developer Engineer,FruitBowl Digital,Mumbai Metropolitan Region,https://in.linkedin.com/company/fruitbowl-digital?trk=public_jobs_jserp-result_job-search-card-subtitle
Data Scientist,Digitrix Software LLP,"Mumbai, Maharashtra, India",https://in.linkedin.com/company/digitrix-software-llp?trk=public_jobs_jserp-result_job-search-card-subtitle
ML/MlOps Engineer,InfoBeans,"Mumbai, Maharashtra, India",https://www.linkedin.com/company/infobeans?trk=public_jobs_jserp-result_job-search-card-subtitle
Data Scientist,TOP Analytica,Mumbai Metropolitan Region,https://in.linkedin.com/company/topanalytica?trk=public_jobs_jserp-result_job-search-card-subtitle
SDE I,Nium,"Mumbai, Maharashtra, India",https://www.linkedin.com/company/nium-global?trk=public_jobs_jserp-result_job-search-card-subtitle
Data Scientist - Deep Learning,Ziki,Mumbai Metropolitan Region,https://in.linkedin.com/company/chatterjeegroup?trk=public_jobs_jserp-result_job-search-card-subtitle
DevOps Engineer,Larsen & Toubro,"Bengaluru, Karnataka, India",https://in.linkedin.com/company/larsen-&-toubro-limited?trk=public_jobs_jserp-result_job-search-card-subtitle
DevOps Engineer,DHL,"Chennai, Tamil Nadu, India",https://de.linkedin.com/company/dhl?trk=public_jobs_jserp-result_job-search-card-subtitle
Jr. DevOps Engineer,Arthrex India,"Pune, Maharashtra, India",https://www.linkedin.com/company/arthrex-india?trk=public_jobs_jserp-result_job-search-card-subtitle
Trainee DevOps Engineer (Fresher),Codelogicx,Greater Kolkata Area,https://www.linkedin.com/company/codelogicx?trk=public_jobs_jserp-result_job-search-card-subtitle
Engineer - I Devops,Accelya,Pune/Pimpri-Chinchwad Area,https://uk.linkedin.com/company/accelya?trk=public_jobs_jserp-result_job-search-card-subtitle
Devops Engineer,EaseMyTrip.com,"Gautam Buddha Nagar, Uttar Pradesh, India",https://in.linkedin.com/company/easemytrip-com?trk=public_jobs_jserp-result_job-search-card-subtitle
Devops Engineer,Experian,"Hyderabad, Telangana, India",https://www.linkedin.com/company/experian?trk=public_jobs_jserp-result_job-search-card-subtitle
Junior DevOps Engineer,Spintly,"Salcette, Goa, India",https://in.linkedin.com/company/spintly?trk=public_jobs_jserp-result_job-search-card-subtitle
DevOps Engineer,Snapdeal,"Gurugram, Haryana, India",https://in.linkedin.com/company/snapdeal?trk=public_jobs_jserp-result_job-search-card-subtitle
DevOps Engineer,Endava,"Pune, Maharashtra, India",https://uk.linkedin.com/company/endava?trk=public_jobs_jserp-result_job-search-card-subtitle
Urgent hiring in DevOps engineer for freshers,Shri Balaji Enterprises,"Bengaluru, Karnataka, India",https://in.linkedin.com/company/shri-balajienterprises?trk=public_jobs_jserp-result_job-search-card-subtitle
Junior Devops Engineer,CoverSelf,"Bengaluru, Karnataka, India",https://www.linkedin.com/company/coverself?trk=public_jobs_jserp-result_job-search-card-subtitle
DevOps Engineer,GrowExx,"Ahmedabad, Gujarat, India",https://in.linkedin.com/company/growexx?trk=public_jobs_jserp-result_job-search-card-subtitle
DevOps Engineer,Delaplex,"Nagpur, Maharashtra, India",https://www.linkedin.com/company/delaplex?trk=public_jobs_jserp-result_job-search-card-subtitle
"Software Engineer II - Devops ,ITC",Nike,"Karnataka, India",https://www.linkedin.com/company/nike?trk=public_jobs_jserp-result_job-search-card-subtitle
Jr. DevOps Engineer,Relanto,"Bengaluru, Karnataka, India",https://www.linkedin.com/company/relanto-inc?trk=public_jobs_jserp-result_job-search-card-subtitle
DevOps Engineer,Mondelēz International,Mumbai Metropolitan Region,https://www.linkedin.com/company/mondelezinternational?trk=public_jobs_jserp-result_job-search-card-subtitle
SRE/DevOps Engineer (IND),Airties,"Bengaluru, Karnataka, India",https://fr.linkedin.com/company/airties?trk=public_jobs_jserp-result_job-search-card-subtitle
Junior DevOps Engineer,Scrumconnect Consulting,"Bengaluru, Karnataka, India",https://uk.linkedin.com/company/scrumconnect?trk=public_jobs_jserp-result_job-search-card-subtitle
DevOps Engineer,Indepay | Setara Networks,"Gurugram, Haryana, India",https://sg.linkedin.com/company/indepay?trk=public_jobs_jserp-result_job-search-card-subtitle
Jr. DevOps Engineer,Sarvatra Technologies,"Mumbai, Maharashtra, India",https://in.linkedin.com/company/sarvatra-technologies?trk=public_jobs_jserp-result_job-search-card-subtitle
DevOps Engineer,AMD,"Hyderabad, Telangana, India",https://www.linkedin.com/company/amd?trk=public_jobs_jserp-result_job-search-card-subtitle
DevOps Engineer,L&T Technology Services,"Bengaluru, Karnataka, India",https://in.linkedin.com/company/l&t-technology-services-limited?trk=public_jobs_jserp-result_job-search-card-subtitle
Junior DevOps Developer,Appscrip,"Bengaluru, Karnataka, India",https://www.linkedin.com/company/appscrip?trk=public_jobs_jserp-result_job-search-card-subtitle
DevOps Engineer,Arcgate,"Udaipur, Rajasthan, India",https://in.linkedin.com/company/arcgate?trk=public_jobs_jserp-result_job-search-card-subtitle
Devops Engineer,Landmark Group,"Bengaluru, Karnataka, India",https://ae.linkedin.com/company/landmark-group?trk=public_jobs_jserp-result_job-search-card-subtitle
Junior DevOps Engineer,Miratech,"Bengaluru, Karnataka, India",https://www.linkedin.com/company/miratech?trk=public_jobs_jserp-result_job-search-card-subtitle
DevOps Engineer,Spiderfocus Solutions,"Bengaluru, Karnataka, India",https://in.linkedin.com/company/spiderfocus-solutions?trk=public_jobs_jserp-result_job-search-card-subtitle
DevOps Engineer,SAP,"Bengaluru, Karnataka, India",https://de.linkedin.com/company/sap?trk=public_jobs_jserp-result_job-search-card-subtitle
DevOps Engineer,Kaleidofin Private Limited,"Bengaluru, Karnataka, India",https://in.linkedin.com/company/kaleidofin?trk=public_jobs_jserp-result_job-search-card-subtitle
DevOps Engineer,MTAP Technologies,"Bengaluru, Karnataka, India",https://in.linkedin.com/company/mtap-technologies-pvt-ltd?trk=public_jobs_jserp-result_job-search-card-subtitle
DevOps Engineer - CI/CD Framework,Indian Institute of Science (IISc),"Bengaluru, Karnataka, India",https://in.linkedin.com/school/indian-institute-of-science/?trk=public_jobs_jserp-result_job-search-card-subtitle
AWS Devops Engineer,WizzyBox Private Limited,"Bengaluru, Karnataka, India",https://in.linkedin.com/company/wizzybox?trk=public_jobs_jserp-result_job-search-card-subtitle
DevOps Engineer,Sigma Infosolutions Ltd.,"Bengaluru, Karnataka, India",https://www.linkedin.com/company/sigma_infosolutions?trk=public_jobs_jserp-result_job-search-card-subtitle
DevOps Engineer,BCE Global Tech,"Bengaluru, Karnataka, India",https://in.linkedin.com/company/bceglobaltech?trk=public_jobs_jserp-result_job-search-card-subtitle
DevOps Engineer,Cognizant,"Bangalore Urban, Karnataka, India",https://www.linkedin.com/company/cognizant?trk=public_jobs_jserp-result_job-search-card-subtitle
DevOps Engineer,JA Solutions India Private Limited,"Bengaluru, Karnataka, India",https://in.linkedin.com/company/j-a-solutions-india-pvt-ltd?trk=public_jobs_jserp-result_job-search-card-subtitle
DevOps Engineer,Inito,"Bengaluru, Karnataka, India",https://www.linkedin.com/company/initoinc?trk=public_jobs_jserp-result_job-search-card-subtitle
DevOps Engineer,Ultrafly Solutions Private Limited,"Bengaluru, Karnataka, India",https://in.linkedin.com/company/ultraflysolutions?trk=public_jobs_jserp-result_job-search-card-subtitle
DevOps Engineer,CG-VAK Software & Exports Ltd.,"Bengaluru, Karnataka, India",https://in.linkedin.com/company/cg-vak-software-&-exports-ltd?trk=public_jobs_jserp-result_job-search-card-subtitle
DevOps Engineer,GastroFlow,"Bengaluru, Karnataka, India",https://de.linkedin.com/company/gastroflow?trk=public_jobs_jserp-result_job-search-card-subtitle
Devops Engineer,msg global solutions,"Bengaluru, Karnataka, India",https://ch.linkedin.com/company/msg-global?trk=public_jobs_jserp-result_job-search-card-subtitle
DevOps Engineer,Meeraq,"Bengaluru, Karnataka, India",https://in.linkedin.com/company/meeraq-hq?trk=public_jobs_jserp-result_job-search-card-subtitle
Senior DevOps Engineer,Razorpay,"Bengaluru, Karnataka, India",https://in.linkedin.com/company/razorpay?trk=public_jobs_jserp-result_job-search-card-subtitle
DevOps Engineer,Big Air Lab,"Bengaluru, Karnataka, India",https://in.linkedin.com/company/bigairlab?trk=public_jobs_jserp-result_job-search-card-subtitle
DevOps Engineer,BuyStars,"Bengaluru, Karnataka, India",https://in.linkedin.com/company/buystars?trk=public_jobs_jserp-result_job-search-card-subtitle
DevOps Engineer,Coredge.io,"Bengaluru, Karnataka, India",https://in.linkedin.com/company/coredge-io?trk=public_jobs_jserp-result_job-search-card-subtitle
Devops,Avenues Payments India Pvt. Ltd,"Bengaluru, Karnataka, India",https://in.linkedin.com/company/avenues-payments-india-pvt.-ltd?trk=public_jobs_jserp-result_job-search-card-subtitle
Engineer I DevOps [T500-20322],lululemon,"Bengaluru, Karnataka, India",https://ca.linkedin.com/company/lululemon?trk=public_jobs_jserp-result_job-search-card-subtitle
DevOps Engineer,ACL Digital,"Bengaluru, Karnataka, India",https://www.linkedin.com/company/acl-digital?trk=public_jobs_jserp-result_job-search-card-subtitle
DevOps Engineer,iAgami,"Bengaluru, Karnataka, India",https://in.linkedin.com/company/iagami?trk=public_jobs_jserp-result_job-search-card-subtitle
Cloud Engineer,Publicis Sapient,"Bangalore Urban, Karnataka, India",https://www.linkedin.com/company/publicissapient?trk=public_jobs_jserp-result_job-search-card-subtitle
DevOps Engineer,Alstom,"Bengaluru, Karnataka, India",https://fr.linkedin.com/company/alstom?trk=public_jobs_jserp-result_job-search-card-subtitle
DevOps Engineer,Synechron,"Bengaluru, Karnataka, India",https://www.linkedin.com/company/synechron?trk=public_jobs_jserp-result_job-search-card-subtitle
AWS DevOps Engineer Internship in Bangalore (Hybrid),Anshumat Foundation,"Bengaluru, Karnataka, India",https://in.linkedin.com/company/af-org?trk=public_jobs_jserp-result_job-search-card-subtitle
AWS DevOps Engineer,Fractal,"Bengaluru, Karnataka, India",https://www.linkedin.com/company/fractal-analytics?trk=public_jobs_jserp-result_job-search-card-subtitle
DevOps Engineer,Gnapi Technologies,"Bengaluru, Karnataka, India",https://ca.linkedin.com/company/gnapi?trk=public_jobs_jserp-result_job-search-card-subtitle
"Senior Devops Engineer - Devops, jenkins, AWS, azure",NEC Software Solutions,Mumbai Metropolitan Region,https://uk.linkedin.com/company/necsws?trk=public_jobs_jserp-result_job-search-card-subtitle
DevOps Engineer,Siemens,"Thane, Maharashtra, India",https://de.linkedin.com/company/siemens?trk=public_jobs_jserp-result_job-search-card-subtitle
DevOps Engineer,Quantanite,"Thane, Maharashtra, India",https://uk.linkedin.com/company/quantanite?trk=public_jobs_jserp-result_job-search-card-subtitle
DevOps Engineer,Nextgen Clearing Ltd,Mumbai Metropolitan Region,https://uk.linkedin.com/company/nextgen-clearing?trk=public_jobs_jserp-result_job-search-card-subtitle
DevOps Developer,Impact HR & KM Solutions,"Mumbai, Maharashtra, India",https://www.linkedin.com/company/impact-hr-&-km-solutions?trk=public_jobs_jserp-result_job-search-card-subtitle
DevOps Engineer,The Sleep Company,"Mumbai, Maharashtra, India",https://in.linkedin.com/company/the-sleep-company-official?trk=public_jobs_jserp-result_job-search-card-subtitle
AWS Cloud Engineer,PibyThree,"Navi Mumbai, Maharashtra, India",https://www.linkedin.com/company/pibythree?trk=public_jobs_jserp-result_job-search-card-subtitle
AWS DevOps Engineer,Go Digital Technology Consulting LLP,"Mumbai, Maharashtra, India",https://in.linkedin.com/company/godigitaltc?trk=public_jobs_jserp-result_job-search-card-subtitle
DevOps Engineer,Feedspot,Mumbai Metropolitan Region,https://www.linkedin.com/company/feedspot?trk=public_jobs_jserp-result_job-search-card-subtitle
Site Reliability Engineer,Media.net,Mumbai Metropolitan Region,https://ae.linkedin.com/company/media.net?trk=public_jobs_jserp-result_job-search-card-subtitle
DevOps Engineer,OMP,Mumbai Metropolitan Region,https://be.linkedin.com/company/omp-supply-chain-planning?trk=public_jobs_jserp-result_job-search-card-subtitle
AWS DevOps Engineer (NOC),TCG Digital,"Mumbai, Maharashtra, India",https://www.linkedin.com/company/tcgdigital?trk=public_jobs_jserp-result_job-search-card-subtitle
DevOps Engineer,Sachar Gaming Pvt. Ltd.,"Mumbai, Maharashtra, India",https://in.linkedin.com/company/sachar-gaming-pvt-ltd?trk=public_jobs_jserp-result_job-search-card-subtitle
DevOps Engineer,Accrete,"Mumbai, Maharashtra, India",https://www.linkedin.com/company/accreteai?trk=public_jobs_jserp-result_job-search-card-subtitle
DevOps Engineer - CI/CD Pipeline,Wits Innovation Lab,Mumbai Metropolitan Region,https://www.linkedin.com/company/thewitslab?trk=public_jobs_jserp-result_job-search-card-subtitle
DevOps Engineer - III,Forcepoint,Mumbai Metropolitan Region,https://www.linkedin.com/company/forcepoint?trk=public_jobs_jserp-result_job-search-card-subtitle
DevOps Engineer,Allerin,"Navi Mumbai, Maharashtra, India",https://www.linkedin.com/company/allerintech?trk=public_jobs_jserp-result_job-search-card-subtitle
Senior Devops Engineer,NEC Software Solutions (India),"Mumbai, Maharashtra, India",https://in.linkedin.com/company/necsws-india?trk=public_jobs_jserp-result_job-search-card-subtitle
Senior DevOps Engineer (Azure and AWS),Shapoorji Pallonji Finance Private Limited,"Mumbai, Maharashtra, India",https://in.linkedin.com/company/shapoorji-pallonjji-finance-private-limited?trk=public_jobs_jserp-result_job-search-card-subtitle
DevOps Platform Engineer ( IT ),Burns & McDonnell India,Mumbai Metropolitan Region,https://in.linkedin.com/company/burns-mcdonnell-india?trk=public_jobs_jserp-result_job-search-card-subtitle
DevOps Engineer,Fourty60 - Website Designing & SEO,Mumbai Metropolitan Region,https://in.linkedin.com/company/fourty60-infotech?trk=public_jobs_jserp-result_job-search-card-subtitle
DevOps Engineer,CGI,Mumbai Metropolitan Region,https://ca.linkedin.com/company/cgi?trk=public_jobs_jserp-result_job-search-card-subtitle
DevOps Engineer,WonderBiz Technologies Pvt.,"Thane, Maharashtra, India",https://in.linkedin.com/company/wonderbiz-technologies?trk=public_jobs_jserp-result_job-search-card-subtitle
DevOps and Automation Engineer,NVIDIA,Mumbai Metropolitan Region,https://www.linkedin.com/company/nvidia?trk=public_jobs_jserp-result_job-search-card-subtitle
DevOps Engineer IRC276421,GlobalLogic,"Mumbai, Maharashtra, India",https://www.linkedin.com/company/globallogic?trk=public_jobs_jserp-result_job-search-card-subtitle
DevOps/SRE,Selector,"Mumbai, Maharashtra, India",https://www.linkedin.com/company/selectorai?trk=public_jobs_jserp-result_job-search-card-subtitle
FitPage - DevOps Engineer - AWS/Google Cloud Platform,fitpage,Mumbai Metropolitan Region,https://in.linkedin.com/company/fitpage?trk=public_jobs_jserp-result_job-search-card-subtitle
Interesting Job Opportunity: DevOps Engineer - AWS,Targeticon Digital Services Private Limited,Mumbai Metropolitan Region,https://in.linkedin.com/company/targeticon?trk=public_jobs_jserp-result_job-search-card-subtitle
V2Solutions - Lead AWS/DevOps Engineer - Cloud Infrastructure,V2Solutions,"Mumbai, Maharashtra, India",https://www.linkedin.com/company/v2solutions?trk=public_jobs_jserp-result_job-search-card-subtitle
"DevOps Engineer - Mason, OH","ICR, Inc.","Mason, OH",https://www.linkedin.com/company/icr-team?trk=public_jobs_jserp-result_job-search-card-subtitle
DevOps Contractor,DTI,"Cincinnati, OH",https://id.linkedin.com/company/dt-informasi?trk=public_jobs_jserp-result_job-search-card-subtitle
Infrastructure Engineer (DevOps/Cloud),Kforce Inc,"Cincinnati, OH",https://www.linkedin.com/company/kforce?trk=public_jobs_jserp-result_job-search-card-subtitle
DevOps Engineer - Azure- 25-03137,LeadStack Inc.,"Blue Ash, OH",https://www.linkedin.com/company/leadstackinc?trk=public_jobs_jserp-result_job-search-card-subtitle
Senior DevOps Engineer,GAC Solutions,"Cincinnati, OH",https://www.linkedin.com/company/gacsol?trk=public_jobs_jserp-result_job-search-card-subtitle
DevOps Engineer,SSi People,"Cincinnati, OH",https://www.linkedin.com/company/ssipeople?trk=public_jobs_jserp-result_job-search-card-subtitle
Cloud Engineer,Vernovis,Cincinnati Metropolitan Area,https://www.linkedin.com/company/vernovis?trk=public_jobs_jserp-result_job-search-card-subtitle
Cloud Engineer (2025-3150),Prolink,"Cincinnati, OH",https://www.linkedin.com/company/prolinkworks?trk=public_jobs_jserp-result_job-search-card-subtitle
Cloud Infrastructure Engineer,AnewHealth,"Hamilton County, OH",https://www.linkedin.com/company/anewhealth?trk=public_jobs_jserp-result_job-search-card-subtitle
DevOps Contractor,HCM Staffing and Consulting Group,"Cincinnati, OH",https://www.linkedin.com/company/hcmscg?trk=public_jobs_jserp-result_job-search-card-subtitle
Infrastructure Engineer (DevOps/Cloud),Jobs via Dice,"Cincinnati, OH",https://www.linkedin.com/company/jobs-via-dice?trk=public_jobs_jserp-result_job-search-card-subtitle
Systems Engineer -Level 3 - Cloud,Cintas,"Mason, OH",https://www.linkedin.com/company/cintas?trk=public_jobs_jserp-result_job-search-card-subtitle
Project Engineer - Design Build,Jacobs,"Cincinnati, OH",https://www.linkedin.com/company/jacobs?trk=public_jobs_jserp-result_job-search-card-subtitle
Senior End User Engineer,Thompson Hine LLP,"Cincinnati, OH",https://www.linkedin.com/company/thompson-hine-llp?trk=public_jobs_jserp-result_job-search-card-subtitle
Lead Cloud Engineer (P990),84.51˚,"Cincinnati, OH",https://www.linkedin.com/company/84-51?trk=public_jobs_jserp-result_job-search-card-subtitle
Cloud Manufacturing Test Development Engineer,Jabil,"Florence, KY",https://www.linkedin.com/company/jabil?trk=public_jobs_jserp-result_job-search-card-subtitle
"Enterprise DevOps Architect - Erlanger, KY",ADM,"Erlanger, KY",https://www.linkedin.com/company/adm?trk=public_jobs_jserp-result_job-search-card-subtitle
Google Cloud Architect,Slalom,"Cincinnati, OH",https://www.linkedin.com/company/slalom-consulting?trk=public_jobs_jserp-result_job-search-card-subtitle
"Manager, Cloud Development and Automation",KPMG US,"Cincinnati, OH",https://www.linkedin.com/company/kpmg-us?trk=public_jobs_jserp-result_job-search-card-subtitle
"Senior / Lead Azure Engineer ( .Net, Kubernetes)",Grid Dynamics,"Cincinnati, OH",https://www.linkedin.com/company/grid-dynamics?trk=public_jobs_jserp-result_job-search-card-subtitle
Senior Data Engineer – Azure Databricks,Apex Systems,"Cincinnati, OH",https://www.linkedin.com/company/apex-systems?trk=public_jobs_jserp-result_job-search-card-subtitle
Cyber SDC - Cloud Senior Engineer (Image Security) - Senior - Consulting - Location Open,EY,"Cincinnati, OH",https://uk.linkedin.com/company/ernstandyoung?trk=public_jobs_jserp-result_job-search-card-subtitle
React Developer - Fresher,Deccan AI,"Hyderabad, Telangana, India",https://www.linkedin.com/company/ai-deccan?trk=public_jobs_jserp-result_job-search-card-subtitle
"Software Engineer, Frontend",DoorDash,"Pune, Maharashtra, India",https://www.linkedin.com/company/doordash?trk=public_jobs_jserp-result_job-search-card-subtitle
Front-End Developer,LSEG,"Bengaluru, Karnataka, India",https://uk.linkedin.com/company/london-stock-exchange-group?trk=public_jobs_jserp-result_job-search-card-subtitle
Front End Developer,Dicetek LLC,"Bengaluru, Karnataka, India",https://ae.linkedin.com/company/dicetek-llc-dubai?trk=public_jobs_jserp-result_job-search-card-subtitle
Frontend Developer,Alike,"Gurugram, Haryana, India",https://uk.linkedin.com/company/joinalike?trk=public_jobs_jserp-result_job-search-card-subtitle
Front-end Developer,Lexmark,Greater Kolkata Area,https://www.linkedin.com/company/lexmark?trk=public_jobs_jserp-result_job-search-card-subtitle
Frontend Developer,Snapmint,"Gurugram, Haryana, India",https://in.linkedin.com/company/snapmintfinserv?trk=public_jobs_jserp-result_job-search-card-subtitle
Interesting Job Opportunity: Dainik Bhaskar - Senior Laravel &amp; React.js Developer,Dainik Bhaskar,"Bhopal, Madhya Pradesh, India",https://in.linkedin.com/company/dainikbhaskar?trk=public_jobs_jserp-result_job-search-card-subtitle
Front End Developer,Analects Technologies,"Pune, Maharashtra, India",https://in.linkedin.com/company/analects-technologies?trk=public_jobs_jserp-result_job-search-card-subtitle
Front End Developer in Kolkata,Nature Technologies Pvt Ltd,Greater Kolkata Area,https://in.linkedin.com/company/nature-technologies-pvt-ltd?trk=public_jobs_jserp-result_job-search-card-subtitle
Front End Developer,Strategy,Pune/Pimpri-Chinchwad Area,https://www.linkedin.com/company/strategy?trk=public_jobs_jserp-result_job-search-card-subtitle
Frontend Developer,Vacation Labs,"Panaji, Goa, India",https://in.linkedin.com/company/vacation-labs?trk=public_jobs_jserp-result_job-search-card-subtitle
Frontend Developer,InCred Financial Services,"Bengaluru, Karnataka, India",https://in.linkedin.com/company/incredfinancialservices?trk=public_jobs_jserp-result_job-search-card-subtitle
Front End Developer,NetWorld,"Rajkot, Gujarat, India",https://in.linkedin.com/company/networld?trk=public_jobs_jserp-result_job-search-card-subtitle
Front End Developer,Segumento,"Pune, Maharashtra, India",https://in.linkedin.com/company/segumento?trk=public_jobs_jserp-result_job-search-card-subtitle
Front End Developer,Edreamz Technologies | Shopify Experts Partner Agency and Web Solutions Provider in India,"Pune, Maharashtra, India",https://in.linkedin.com/company/edreamztech?trk=public_jobs_jserp-result_job-search-card-subtitle
UI DEVELOPER,Terralogic,"Bengaluru, Karnataka, India",https://www.linkedin.com/company/terralogic?trk=public_jobs_jserp-result_job-search-card-subtitle
Frontend Engineer,sentra.world,"Bengaluru, Karnataka, India",https://in.linkedin.com/company/sentra-world?trk=public_jobs_jserp-result_job-search-card-subtitle
Web Developer (HTML templates),NETSACH GLOBAL,"Bengaluru, Karnataka, India",https://in.linkedin.com/company/netsach-global?trk=public_jobs_jserp-result_job-search-card-subtitle
Frontend Developers,Qualitest,"Bengaluru, Karnataka, India",https://uk.linkedin.com/company/qualitest?trk=public_jobs_jserp-result_job-search-card-subtitle
Frontend Developer,MathonGo,"Bengaluru, Karnataka, India",https://in.linkedin.com/company/mathongo?trk=public_jobs_jserp-result_job-search-card-subtitle
Frontend Developer,Peoplebox.ai,"Bengaluru, Karnataka, India",https://www.linkedin.com/company/peopleboxai?trk=public_jobs_jserp-result_job-search-card-subtitle
Software Engineer - E6 - Frontend,Whatfix,"Bengaluru, Karnataka, India",https://www.linkedin.com/company/whatfix?trk=public_jobs_jserp-result_job-search-card-subtitle
Front-End Developer,HealthAsyst®,"Bengaluru East, Karnataka, India",https://in.linkedin.com/company/healthasyst?trk=public_jobs_jserp-result_job-search-card-subtitle
Frontend Developer,Kaliper,"Bengaluru, Karnataka, India",https://in.linkedin.com/company/kaliperservices?trk=public_jobs_jserp-result_job-search-card-subtitle
Front End Developer,orangemantra,"Bengaluru, Karnataka, India",https://in.linkedin.com/company/orangemantra?trk=public_jobs_jserp-result_job-search-card-subtitle
Frontend Developer,Upraised,"Bengaluru, Karnataka, India",https://in.linkedin.com/school/upraised/?trk=public_jobs_jserp-result_job-search-card-subtitle
Junior Frontend Engineer,HackerEarth,"Bengaluru, Karnataka, India",https://www.linkedin.com/company/hackerearth?trk=public_jobs_jserp-result_job-search-card-subtitle
Coffeebeans.io - Frontend Developer - Javascript/TypeScript,CoffeeBeans,"Bengaluru, Karnataka, India",https://in.linkedin.com/company/coffeebeans-brewinginnovations?trk=public_jobs_jserp-result_job-search-card-subtitle
Junior Web Developer,SYNERGOS,"Bengaluru, Karnataka, India",https://in.linkedin.com/company/synergos?trk=public_jobs_jserp-result_job-search-card-subtitle
Frontend(UI) Developer,Maieutic Semiconductors,"Bengaluru, Karnataka, India",https://www.linkedin.com/company/maieutic-semiconductors?trk=public_jobs_jserp-result_job-search-card-subtitle
React JS Developer,Impelsys,"Bengaluru East, Karnataka, India",https://www.linkedin.com/company/impelsys?trk=public_jobs_jserp-result_job-search-card-subtitle
"Software Engineer, Frontend (India)",Glean,"Bengaluru, Karnataka, India",https://www.linkedin.com/company/gleanwork?trk=public_jobs_jserp-result_job-search-card-subtitle
Senior Web Developer,HDFC securities,"Bengaluru, Karnataka, India",https://in.linkedin.com/company/hdfc-securities?trk=public_jobs_jserp-result_job-search-card-subtitle
Software Engineer (Frontend - Pluto Connect),Pluto,"Bengaluru, Karnataka, India",https://www.linkedin.com/company/plutocardmena?trk=public_jobs_jserp-result_job-search-card-subtitle
Software Development Engineer (Frontend),Furlenco,"Bengaluru, Karnataka, India",https://in.linkedin.com/company/furlenco?trk=public_jobs_jserp-result_job-search-card-subtitle
JavaScript Developer - Front-end,Pippin Technologies India,"Bengaluru, Karnataka, India",https://in.linkedin.com/company/pippin-title-india?trk=public_jobs_jserp-result_job-search-card-subtitle
Frontend Developer,SARACA,"Bengaluru, Karnataka, India",https://www.linkedin.com/company/saraca-solutions?trk=public_jobs_jserp-result_job-search-card-subtitle
Frontend Developers,SFJ Business Solutions Pvt. Ltd.,"Bengaluru, Karnataka, India",https://in.linkedin.com/company/sfj-business-solutions-pvt-ltd-?trk=public_jobs_jserp-result_job-search-card-subtitle
JavaScript Developer,Cotocus,"Bengaluru, Karnataka, India",https://www.linkedin.com/company/cotocus?trk=public_jobs_jserp-result_job-search-card-subtitle
Front End Developer,Axi,"Bangalore Urban district, India",https://au.linkedin.com/company/axicorp?trk=public_jobs_jserp-result_job-search-card-subtitle
Junior Backend Engineer,Checkmarx,Pune/Pimpri-Chinchwad Area,https://www.linkedin.com/company/checkmarx?trk=public_jobs_jserp-result_job-search-card-subtitle
Node-JS Developer,Calpion Inc.,"Bengaluru East, Karnataka, India",https://www.linkedin.com/company/calpion-inc-?trk=public_jobs_jserp-result_job-search-card-subtitle
Junior Full Stack Developer in Pune,Global EduTech,"Pune, Maharashtra, India",https://in.linkedin.com/company/global-edutech?trk=public_jobs_jserp-result_job-search-card-subtitle
Software Developer - Java/Python,True Talents,"Bengaluru, Karnataka, India",https://www.linkedin.com/company/true-talents-commv?trk=public_jobs_jserp-result_job-search-card-subtitle
Backend Engineer - Node.js/Python,SLK,"Bengaluru, Karnataka, India",https://in.linkedin.com/company/slk?trk=public_jobs_jserp-result_job-search-card-subtitle
NodeJS Developer,HubSpire,India,https://www.linkedin.com/company/hubspire?trk=public_jobs_jserp-result_job-search-card-subtitle
Backend / Fullstack Developer,Delhivery,"Gurugram, Haryana, India",https://in.linkedin.com/company/delhivery?trk=public_jobs_jserp-result_job-search-card-subtitle
Backend Engineer,Candor Health,"Bengaluru, Karnataka, India",https://www.linkedin.com/company/candorhealth?trk=public_jobs_jserp-result_job-search-card-subtitle
Backend Engineer,Scouto AI,"Bengaluru, Karnataka, India",https://www.linkedin.com/company/scouto-ai?trk=public_jobs_jserp-result_job-search-card-subtitle
Backed Developer,Buyhatke,"Bengaluru, Karnataka, India",https://www.linkedin.com/company/buyhatke?trk=public_jobs_jserp-result_job-search-card-subtitle
Backend Engineer,Refactor Academy,"Bengaluru, Karnataka, India",https://in.linkedin.com/company/refactoracademy?trk=public_jobs_jserp-result_job-search-card-subtitle
Backend Software Developer,10times,"Bengaluru, Karnataka, India",https://in.linkedin.com/company/10times-events?trk=public_jobs_jserp-result_job-search-card-subtitle
Backend Developer,Binocs.co,"Bengaluru, Karnataka, India",https://www.linkedin.com/company/binocs-co?trk=public_jobs_jserp-result_job-search-card-subtitle
Backend Engineer (SDE 1),Vegapay,"Bengaluru, Karnataka, India",https://in.linkedin.com/company/vegapay?trk=public_jobs_jserp-result_job-search-card-subtitle
Backend Engineer,Material Depot,"Bengaluru, Karnataka, India",https://in.linkedin.com/company/materialdepot?trk=public_jobs_jserp-result_job-search-card-subtitle
Backend Engineer,Alaan الآن,"Bengaluru, Karnataka, India",https://ae.linkedin.com/company/alaanpay?trk=public_jobs_jserp-result_job-search-card-subtitle
Backend Developer,BlackBuck (Zinka Logistics Solutions Ltd),"Bengaluru, Karnataka, India",https://in.linkedin.com/company/blackbuck?trk=public_jobs_jserp-result_job-search-card-subtitle
Backend Engineer,Novo,"Bangalore Urban, Karnataka, India",https://www.linkedin.com/company/novo-hq?trk=public_jobs_jserp-result_job-search-card-subtitle
Backend Engineer,Aspora,"Bengaluru, Karnataka, India",https://uk.linkedin.com/company/get-aspora?trk=public_jobs_jserp-result_job-search-card-subtitle
Backend Developer Internship,Advertisingsaga,Mumbai Metropolitan Region,https://in.linkedin.com/company/advsaga?trk=public_jobs_jserp-result_job-search-card-subtitle
Back End Developer,Kan Innovations Pvt. Ltd.,"Mumbai, Maharashtra, India",https://in.linkedin.com/company/kan-innovations?trk=public_jobs_jserp-result_job-search-card-subtitle
Backend API Developer,ITC Infotech,"Mumbai, Maharashtra, India",https://in.linkedin.com/company/itc-infotech?trk=public_jobs_jserp-result_job-search-card-subtitle
"Backend Engineer (Typescript, Node.js)",Heady,"Mumbai, Maharashtra, India",https://www.linkedin.com/company/heady?trk=public_jobs_jserp-result_job-search-card-subtitle
Full Stack Developer,AQM Technologies,"Mumbai, Maharashtra, India",https://in.linkedin.com/company/aqm-technologies?trk=public_jobs_jserp-result_job-search-card-subtitle
Backend Developer,PivotRoots,Mumbai Metropolitan Region,https://in.linkedin.com/company/pivotroots?trk=public_jobs_jserp-result_job-search-card-subtitle
Full-stack Developer,Lemon Yellow LLP,"Thane, Maharashtra, India",https://in.linkedin.com/company/lemonyellowllp?trk=public_jobs_jserp-result_job-search-card-subtitle
Back End Engineer,Jaja Finance,"Mumbai, Maharashtra, India",https://uk.linkedin.com/company/jaja-finance?trk=public_jobs_jserp-result_job-search-card-subtitle
Node JS DEVELOPER,Sparshik Technologies Private Limited,"Mumbai, Maharashtra, India",https://in.linkedin.com/company/sparshik?trk=public_jobs_jserp-result_job-search-card-subtitle
Back End Developer,Lorien Finance,"Mumbai, Maharashtra, India",https://www.linkedin.com/company/lorien-finance?trk=public_jobs_jserp-result_job-search-card-subtitle
Full Stack Developer,Rayadcom,"Mumbai, Maharashtra, India",https://in.linkedin.com/company/rayadcom?trk=public_jobs_jserp-result_job-search-card-subtitle
Backend Engineer,People Culture Talent,"Mumbai, Maharashtra, India",https://www.linkedin.com/company/people-culture-talent?trk=public_jobs_jserp-result_job-search-card-subtitle
"Frontend Developer, AS",Deutsche Bank,"Pune, Maharashtra, India",https://de.linkedin.com/company/deutsche-bank?trk=public_jobs_jserp-result_job-search-card-subtitle
FRONTEND DEVELOPER,BLAZE,"Madurai, Tamil Nadu, India",https://in.linkedin.com/company/blazehexa?trk=public_jobs_jserp-result_job-search-card-subtitle
Web Developer,ThoughtSpot,"Bengaluru, Karnataka, India",https://www.linkedin.com/company/thoughtspot?trk=public_jobs_jserp-result_job-search-card-subtitle
Web Developer,INNOVATION ROOTS,"Bengaluru, Karnataka, India",https://in.linkedin.com/company/innovationroots?trk=public_jobs_jserp-result_job-search-card-subtitle
Full Stack Developer- (MERN),JB Group of companies,"Navi Mumbai, Maharashtra, India",https://in.linkedin.com/company/jb-group-of-companies?trk=public_jobs_jserp-result_job-search-card-subtitle
WordPress Website Specialist,Inhabit®,"Mason, OH",https://www.linkedin.com/company/inhabit-iq?trk=public_jobs_jserp-result_job-search-card-subtitle
Data Scientist,PepsiCo,"Hyderabad, Telangana, India",https://www.linkedin.com/company/pepsico?trk=public_jobs_jserp-result_job-search-card-subtitle
Data Scientist,EXL,"Gurugram, Haryana, India",https://www.linkedin.com/company/exl-service?trk=public_jobs_jserp-result_job-search-card-subtitle
Data Scientist,Tata Technologies,"Pune, Maharashtra, India",https://in.linkedin.com/company/tata-technologies?trk=public_jobs_jserp-result_job-search-card-subtitle
Data Scientist,FREED,"Gurugram, Haryana, India",https://in.linkedin.com/company/freeddsc?trk=public_jobs_jserp-result_job-search-card-subtitle
Data Scientist,IndusInd Bank,"Chennai, Tamil Nadu, India",https://in.linkedin.com/company/indusind-bank?trk=public_jobs_jserp-result_job-search-card-subtitle
Software Engineer II - Python Developer-DSE,FactSet,"Hyderabad, Telangana, India",https://www.linkedin.com/company/factset?trk=public_jobs_jserp-result_job-search-card-subtitle
Data Scientist - Junior,Schaeffler,"Pune, Maharashtra, India",https://de.linkedin.com/company/schaeffler?trk=public_jobs_jserp-result_job-search-card-subtitle
Data Scientist - Numpy/Pandas,VTION.AI,"Gurugram, Haryana, India",https://in.linkedin.com/company/vtion-digital?trk=public_jobs_jserp-result_job-search-card-subtitle
AI/ML Engineer – XR Software (All levels)),Qualcomm,"Bengaluru, Karnataka, India",https://www.linkedin.com/company/qualcomm?trk=public_jobs_jserp-result_job-search-card-subtitle
Data Scientist,Maxis AI,"Hyderabad, Telangana, India",https://www.linkedin.com/company/maxis-ai?trk=public_jobs_jserp-result_job-search-card-subtitle
Software Engineer AI/ML,Arista Networks,"Bengaluru, Karnataka, India",https://www.linkedin.com/company/arista-networks-inc?trk=public_jobs_jserp-result_job-search-card-subtitle
Software Development Engineer - 1 (Mobile),Quince,"Bengaluru, Karnataka, India",https://www.linkedin.com/company/onequince?trk=public_jobs_jserp-result_job-search-card-subtitle
Associate Data Scientist - Enterprise & Reporting,Circle K,"Gurugram, Haryana, India",https://ca.linkedin.com/company/circle-k?trk=public_jobs_jserp-result_job-search-card-subtitle
Senior/Lead AI/ML Engineer,Chubb,"Bengaluru, Karnataka, India",https://ch.linkedin.com/company/chubb?trk=public_jobs_jserp-result_job-search-card-subtitle
Gojek - Data Scientist,GoTo Group,"Bengaluru, Karnataka, India",https://id.linkedin.com/company/gotogroup?trk=public_jobs_jserp-result_job-search-card-subtitle
Software Engineer - Applied AI Engineer,Postman Corp,"Bengaluru, Karnataka, India",https://www.linkedin.com/company/postman-corp?trk=public_jobs_jserp-result_job-search-card-subtitle
Data Scientist I,Bright Money,"Bengaluru East, Karnataka, India",https://www.linkedin.com/company/bright-money?trk=public_jobs_jserp-result_job-search-card-subtitle
Python Backend Engineer – ML,CloudSEK,"Bengaluru, Karnataka, India",https://sg.linkedin.com/company/cloudsek?trk=public_jobs_jserp-result_job-search-card-subtitle
Data Scientist,Picarro,"Bengaluru, Karnataka, India",https://www.linkedin.com/company/picarro-inc-?trk=public_jobs_jserp-result_job-search-card-subtitle
Data Scientist,Ikigai Labs,"Bengaluru, Karnataka, India",https://sg.linkedin.com/company/ikigai-labs?trk=public_jobs_jserp-result_job-search-card-subtitle
"Machine Learning Scientist I, Predictive Search & Guidance",Wayfair,"Bengaluru, Karnataka, India",https://www.linkedin.com/company/wayfair?trk=public_jobs_jserp-result_job-search-card-subtitle
AI/ML– Applied Artificial Intelligence & Machine Learning Internship in Mumbai (Hybrid),Reflex Realty LLP,Mumbai Metropolitan Region,https://in.linkedin.com/company/reflex-realty-&-financial-consultants-pvt-ltd-?trk=public_jobs_jserp-result_job-search-card-subtitle
Senior Software Engineer I,hackajob,Mumbai Metropolitan Region,https://uk.linkedin.com/company/hackajob?trk=public_jobs_jserp-result_job-search-card-subtitle
Artificial Intelligence Developer,Sanius Health,"Mumbai, Maharashtra, India",https://uk.linkedin.com/company/saniushealth?trk=public_jobs_jserp-result_job-search-card-subtitle
AI / ML Engineer — Applied LLMs & Retrieval,VantedgeAI,"Mumbai, Maharashtra, India",https://www.linkedin.com/company/vantedgeai?trk=public_jobs_jserp-result_job-search-card-subtitle
Apollo Finvest - Data Scientist - R/Python,Apollo Finvest,"Navi Mumbai, Maharashtra, India",https://in.linkedin.com/company/apollo-finvest-india-ltd?trk=public_jobs_jserp-result_job-search-card-subtitle
Software Engineer - MySQL,Vegayan Systems,Mumbai Metropolitan Region,https://in.linkedin.com/company/vegayan?trk=public_jobs_jserp-result_job-search-card-subtitle
Fresher - Software Development Engineer,Wohlig,Mumbai Metropolitan Region,https://in.linkedin.com/company/wohlig?trk=public_jobs_jserp-result_job-search-card-subtitle
AI / ML Engineer,Accenture in India,"Navi Mumbai, Maharashtra, India",https://in.linkedin.com/company/accentureindia?trk=public_jobs_jserp-result_job-search-card-subtitle
Machine Learning Engineer - Immediate Joiner,Escalent,"Mumbai, Maharashtra, India",https://www.linkedin.com/company/thinkescalent?trk=public_jobs_jserp-result_job-search-card-subtitle
Remote Data Scientist,Turing,"Mumbai, Maharashtra, India",https://www.linkedin.com/company/turingcom?trk=public_jobs_jserp-result_job-search-card-subtitle
"Sr Software Engineer (Python, Agentic AI)",HERE Technologies,"Mumbai, Maharashtra, India",https://nl.linkedin.com/company/here?trk=public_jobs_jserp-result_job-search-card-subtitle
Senior ML Engineer,Launch Potato,"Cincinnati, OH",https://www.linkedin.com/company/launchpotato?trk=public_jobs_jserp-result_job-search-card-subtitle
ML Ops Engineer,Aditi Consulting,"Blue Ash, OH",https://www.linkedin.com/company/aditiconsulting?trk=public_jobs_jserp-result_job-search-card-subtitle
Senior Data Scientist,Divisions Maintenance Group,"Cincinnati, OH",https://www.linkedin.com/company/divisions-maintenance-group?trk=public_jobs_jserp-result_job-search-card-subtitle
Flight Safety and Reliability Data Scientist,GE Aerospace,"Cincinnati, OH",https://www.linkedin.com/company/geaerospace?trk=public_jobs_jserp-result_job-search-card-subtitle
Machine Controls Software Engineer (Automation / PLC),Mane Contract Services,"Cincinnati, OH",https://uk.linkedin.com/company/mane-contract-services?trk=public_jobs_jserp-result_job-search-card-subtitle
Materials Scientist - Data Modeling,Aprecia Pharmaceuticals,"Mason, OH",https://www.linkedin.com/company/aprecia-pharmaceuticals?trk=public_jobs_jserp-result_job-search-card-subtitle
Software Engineer - Composites,"Fives Machining Systems, Inc. - Cincinnati","Hebron, KY",https://www.linkedin.com/company/fivesmsi?trk=public_jobs_jserp-result_job-search-card-subtitle
US - Software Engineer - G01516,ManpowerGroup,"Mason, OH",https://www.linkedin.com/company/manpowergroup?trk=public_jobs_jserp-result_job-search-card-subtitle
Sr Software Engineer - (level 3 or 4) - R10205951,Northrop Grumman,"Cincinnati, OH",https://www.linkedin.com/company/northrop-grumman-corporation?trk=public_jobs_jserp-result_job-search-card-subtitle
Senior Data Engineer,AMEND Consulting,"Cincinnati, OH",https://www.linkedin.com/company/amend?trk=public_jobs_jserp-result_job-search-card-subtitle
Lead - Software Engineer,Matthews Industrial Technologies,"Cincinnati, OH",https://www.linkedin.com/company/matthews-industrial-technologies?trk=public_jobs_jserp-result_job-search-card-subtitle
